Index,ID,Name,Structure,E_HOMO,E_LUMO,GWP_100,Class,Class_Predicted,Type,Reference
0,IPCC002,Methane,C,-0.40009,0.02076,28,Class_1,Class_1,train,IPCC2013. Charpter 8
1,IPCC004,Nitrous Oxide,[N-]=[N+]=O,-0.35979,-0.01839,265,Class_1,Class_2,train,IPCC2013. Charpter 8
2,IPCC005,CFC-11,ClC(Cl)(Cl)F,-0.33413,-0.06085,4660,Class_2,Class_2,train,IPCC2013. Charpter 8
3,IPCC006,CFC-12,ClC(Cl)(F)F,-0.34529,-0.04335,10200,Class_2,Class_2,train,IPCC2013. Charpter 8
4,IPCC007,CFC-13,ClC(F)(F)F,-0.36729,-0.01741,13900,Class_2,Class_2,train,IPCC2013. Charpter 8
5,IPCC008,CFC-113,ClC(Cl)(F)C(Cl)(F)F,-0.34149,-0.04435,5820,Class_2,Class_2,test,IPCC2013. Charpter 8
6,IPCC009,CFC-114,ClC(F)(F)C(Cl)(F)F,-0.35724,-0.03856,8590,Class_2,Class_2,train,IPCC2013. Charpter 8
7,IPCC010,CFC-115,ClC(F)(F)C(F)(F)F,-0.37009,-0.02156,7670,Class_2,Class_2,train,IPCC2013. Charpter 8
8,IPCC011,HCFC-21,ClC(Cl)F,-0.33519,-0.02909,148,Class_1,Class_1,train,IPCC2013. Charpter 8
9,IPCC012,HCFC-22,ClC(F)F,-0.35136,-0.00443,1760,Class_2,Class_1,test,IPCC2013. Charpter 8
10,IPCC013,HCFC-122,C(Cl)(Cl)C(F)(F)Cl,-0.33347,-0.03601,59,Class_1,Class_1,train,IPCC2013. Charpter 8
11,IPCC014,HCFC-122a,FC(Cl)C(F)(Cl)Cl,-0.33702,-0.03928,258,Class_1,Class_1,train,IPCC2013. Charpter 8
12,IPCC015,HCFC-123,ClC(Cl)C(F)(F)F,-0.34069,-0.03318,79,Class_1,Class_1,train,IPCC2013. Charpter 8
13,IPCC016,HCFC-123a,ClC(F)C(F)(F)Cl,-0.344,-0.0309,370,Class_1,Class_1,train,IPCC2013. Charpter 8
14,IPCC017,HCFC-124,ClC(F)C(F)(F)F,-0.34777,-0.01285,527,Class_1,Class_1,train,IPCC2013. Charpter 8
15,IPCC018,HCFC-132c,C(F)C(F)(Cl)Cl,-0.33663,-0.03215,338,Class_1,Class_1,test,IPCC2013. Charpter 8
16,IPCC019,HCFC-141b,CC(Cl)(Cl)F,-0.32463,-0.02524,782,Class_1,Class_1,test,IPCC2013. Charpter 8
17,IPCC020,HCFC-142b,CC(Cl)(F)F,-0.33997,-0.0021,1980,Class_2,Class_1,train,IPCC2013. Charpter 8
18,IPCC021,HCFC-225ca,ClC(Cl)C(F)(F)C(F)(F)F,-0.33989,-0.03569,127,Class_1,Class_1,test,IPCC2013. Charpter 8
19,IPCC022,HCFC-225cb,C(Cl)(F)C(F)(F)C(Cl)(F)F,-0.34428,-0.03324,525,Class_1,Class_1,test,IPCC2013. Charpter 8
20,IPCC023,"(E)-1-Chloro-3,3,3trifluoroprop-1-ene",FC(F)(F)/C=C/Cl,-0.30429,-0.04882,1,Class_1,Class_1,train,IPCC2013. Charpter 8
21,IPCC024,HFC-23,C(F)(F)F,-0.4168,0.01892,12400,Class_2,Class_2,train,IPCC2013. Charpter 8
22,IPCC025,HFC-32,FCF,-0.36357,0.01916,677,Class_1,Class_1,train,IPCC2013. Charpter 8
23,IPCC026,HFC-41,CF,-0.35946,0.01911,116,Class_1,Class_1,train,IPCC2013. Charpter 8
24,IPCC027,HFC-125,FC(F)C(F)(F)F,-0.38651,0.01211,3170,Class_2,Class_2,test,IPCC2013. Charpter 8
25,IPCC028,HFC-134,FC(F)C(F)F,-0.36391,0.02097,1120,Class_2,Class_2,test,IPCC2013. Charpter 8
26,IPCC029,HFC-134a,FCC(F)(F)F,-0.38588,0.01136,1300,Class_2,Class_2,train,IPCC2013. Charpter 8
27,IPCC030,HFC-143,FCC(F)F,-0.35688,0.00655,328,Class_1,Class_1,train,IPCC2013. Charpter 8
28,IPCC031,HFC-143a,CC(F)(F)F,-0.40091,0.01305,4800,Class_2,Class_2,train,IPCC2013. Charpter 8
29,IPCC032,HFC-152,FCCF,-0.35353,0.01616,16,Class_1,Class_1,test,IPCC2013. Charpter 8
30,IPCC033,HFC-152a,CC(F)F,-0.35432,0.01536,138,Class_1,Class_1,test,IPCC2013. Charpter 8
31,IPCC034,HFC-161,CCF,-0.34221,0.01715,4,Class_1,Class_1,train,IPCC2013. Charpter 8
32,IPCC035,HFC-227ca,FC(F)(F)C(F)(F)C(F)F,-0.3781,0.00796,2640,Class_2,Class_2,train,IPCC2013. Charpter 8
33,IPCC036,HFC-227ea,FC(F)(F)C(F)C(F)(F)F,-0.40071,0.00328,3350,Class_2,Class_2,train,IPCC2013. Charpter 8
34,IPCC037,HFC-236cb,FCC(F)(F)C(F)(F)F,-0.37509,0.00413,1210,Class_2,Class_2,train,IPCC2013. Charpter 8
35,IPCC038,HFC-236ea,FC(F)C(F)C(F)(F)F,-0.37546,0.00133,1330,Class_2,Class_2,train,IPCC2013. Charpter 8
36,IPCC039,HFC-236fa,C(F)(F)(F)CC(F)(F)F,-0.41156,0.0076,8060,Class_2,Class_2,train,IPCC2013. Charpter 8
37,IPCC040,HFC-245ca,C(F)C(F)(F)C(F)F,-0.36004,0.0017,716,Class_1,Class_1,train,IPCC2013. Charpter 8
38,IPCC041,HFC-245cb,C(F)(F)(F)C(F)(F)C,-0.37505,0.0124,4620,Class_2,Class_1,test,IPCC2013. Charpter 8
39,IPCC042,HFC-245ea,FC(F)C(F)C(F)F,-0.36374,0.00774,235,Class_1,Class_1,train,IPCC2013. Charpter 8
40,IPCC043,HFC-245eb,FCC(F)C(F)(F)F,-0.37263,0.01265,290,Class_1,Class_1,train,IPCC2013. Charpter 8
41,IPCC044,HFC-245fa,FC(F)CC(F)(F)F,-0.3749,0.01316,858,Class_1,Class_1,train,IPCC2013. Charpter 8
42,IPCC045,HFC-263fb,CCC(F)(F)F,-0.37631,0.01074,76,Class_1,Class_1,train,IPCC2013. Charpter 8
43,IPCC046,HFC-272ca,CC(F)(F)C,-0.34696,0.01164,144,Class_1,Class_1,train,IPCC2013. Charpter 8
44,IPCC047,HFC-329p,FC(F)C(F)(F)C(F)(F)C(F)(F)F,-0.37054,0.00362,2360,Class_2,Class_2,train,IPCC2013. Charpter 8
45,IPCC048,HFC-365mfc,CC(F)(F)CC(F)(F)F,-0.36235,0.00201,804,Class_1,Class_1,test,IPCC2013. Charpter 8
46,IPCC049,HFC-43-10mee,C(F)(F)(F)C(F)C(F)C(F)(F)C(F)(F)F,-0.37678,-0.0153,1650,Class_2,Class_2,train,IPCC2013. Charpter 8
47,IPCC050,HFC-1132a,C=C(F)F,-0.28525,0.00542,0.5,Class_1,Class_1,train,IPCC2013. Charpter 8
48,IPCC051,HFC-1141,C=CF,-0.28362,-0.00045,0.5,Class_1,Class_1,train,IPCC2013. Charpter 8
49,IPCC052,(Z)-HFC-1225ye,F/C=C(\F)/C(F)(F)F,-0.30837,-0.03183,0.5,Class_1,Class_1,train,IPCC2013. Charpter 8
50,IPCC053,(E)-HFC-1225ye,F/C=C(/F)\C(F)(F)F,-0.30624,-0.03674,0.5,Class_1,Class_1,train,IPCC2013. Charpter 8
51,IPCC054,(Z)-HFC-1234ye,C(F)(F)(F)/C=C\F,-0.31585,-0.03446,0.5,Class_1,Class_1,train,IPCC2013. Charpter 8
52,IPCC055,HFC-1234yf,C(F)(F)(F)C(=C)F,-0.31416,-0.03612,0.5,Class_1,Class_1,train,IPCC2013. Charpter 8
53,IPCC056,(E)-HFC-1234ze,F/C=C/C(F)(F)F,-0.31585,-0.03446,0.5,Class_1,Class_1,train,IPCC2013. Charpter 8
54,IPCC057,(E)-HFC-1336,FC(F)(F)/C=C/C(F)(F)F,-0.34983,-0.06764,2,Class_1,Class_1,train,IPCC2013. Charpter 8
55,IPCC058,HFC-1243zf,C(F)(F)(F)C=C,-0.32162,-0.0375,0.5,Class_1,Class_1,test,IPCC2013. Charpter 8
56,IPCC059,HFC-1345zfc,C(F)(F)(F)C(F)(F)C=C,-0.32329,-0.04311,0.5,Class_1,Class_1,test,IPCC2013. Charpter 8
57,IPCC060,"3,3,4,4,5,5,6,6,6-Nonafluorohex-1-ene",C(F)(F)(F)C(F)(F)C(F)(F)C(F)(F)C=C,-0.32467,-0.04725,0.5,Class_1,Class_1,train,IPCC2013. Charpter 8
58,IPCC061,"3,3,4,4,5,5,6,6,7,7,8,8,8-Tridecafluorooct-1-ene",C(F)(F)(F)C(F)(F)C(F)(F)C(F)(F)C(F)(F)C(F)(F)C=C,-0.32464,-0.04861,0.5,Class_1,Class_1,train,IPCC2013. Charpter 8
59,IPCC062,"3,3,4,4,5,5,6,6,7,7,8,8,9,9,10,10,10-Heptadecafluorodec-1-ene",C(F)(F)(F)C(F)(F)C(F)(F)C(F)(F)C(F)(F)C(F)(F)C(F)(F)C(F)(F)C=C,-0.32461,-0.0491,0.5,Class_1,Class_1,train,IPCC2013. Charpter 8
60,IPCC063,Methyl chloroform,CC(Cl)(Cl)Cl,-0.31771,-0.04312,160,Class_1,Class_1,test,IPCC2013. Charpter 8
61,IPCC064,Carbon tetrachloride,ClC(Cl)(Cl)Cl,-0.3322,-0.07214,1730,Class_2,Class_2,train,IPCC2013. Charpter 8
62,IPCC065,Methyl chloride,CCl,-0.30845,0.00192,12,Class_1,Class_1,train,IPCC2013. Charpter 8
63,IPCC066,Methylene chloride,ClCCl,-0.31877,-0.02083,9,Class_1,Class_1,train,IPCC2013. Charpter 8
64,IPCC067,Chloroform,ClC(Cl)Cl,-0.3251,-0.0474,16,Class_1,Class_1,train,IPCC2013. Charpter 8
65,IPCC068,"1,2-Dichloroethane",ClCCCl,-0.31764,-0.00987,0.5,Class_1,Class_1,test,IPCC2013. Charpter 8
66,IPCC069,Methyl bromide,CBr,-0.28907,-0.01724,2,Class_1,Class_1,test,IPCC2013. Charpter 8
67,IPCC070,Methylene bromide,BrCBr,-0.29831,-0.0489,1,Class_1,Class_1,test,IPCC2013. Charpter 8
68,IPCC071,Halon-1201,BrC(F)F,-0.3224,-0.03257,376,Class_1,Class_1,test,IPCC2013. Charpter 8
69,IPCC072,Halon-1202,BrC(Br)(F)F,-0.31401,-0.07445,231,Class_1,Class_1,test,IPCC2013. Charpter 8
70,IPCC073,Halon-1211,BrC(Cl)(F)F,-0.32431,-0.0634,1750,Class_2,Class_2,train,IPCC2013. Charpter 8
71,IPCC074,Halon-1301,C(Br)(F)(F)F,-0.33528,-0.04678,6290,Class_2,Class_2,train,IPCC2013. Charpter 8
72,IPCC075,Halon-2301,BrCC(F)(F)F,-0.31121,-0.03373,173,Class_1,Class_1,train,IPCC2013. Charpter 8
73,IPCC076,Halon-2311/Halothane,BrC(Cl)C(F)(F)F,-0.32057,-0.05411,41,Class_1,Class_1,test,IPCC2013. Charpter 8
74,IPCC077,Halon-2401,BrC(F)C(F)(F)F,-0.32369,-0.04083,184,Class_1,Class_1,train,IPCC2013. Charpter 8
75,IPCC078,Halon-2402,BrC(F)(F)C(Br)(F)F,-0.32852,-0.07073,1470,Class_2,Class_2,train,IPCC2013. Charpter 8
76,IPCC079,Nitrogen trifluoride,N(F)(F)F,-0.3782,0.0058,16100,Class_2,Class_2,test,IPCC2013. Charpter 8
77,IPCC080,Sulphur hexafluoride,FS(F)(F)(F)(F)F,-0.45468,-0.08237,23500,Class_2,Class_2,train,IPCC2013. Charpter 8
78,IPCC081,(Trifluoromethyl) Sulphur pentafluoride,S(F)(F)(F)(F)(F)C(F)(F)F,-0.41309,-0.07827,17400,Class_2,Class_2,train,IPCC2013. Charpter 8
79,IPCC082,Sulphur fluoride,FS(=O)(=O)F,-0.39112,-0.03244,4090,Class_2,Class_2,test,IPCC2013. Charpter 8
80,IPCC083,PFC-14,FC(F)(F)F,-0.4612,0.02265,6630,Class_2,Class_2,train,IPCC2013. Charpter 8
81,IPCC084,PFC-116,FC(F)(F)C(F)(F)F,-0.41647,0.02247,11100,Class_2,Class_2,train,IPCC2013. Charpter 8
82,IPCC085,PFC-c216,C1(F)(F)C(F)(F)C1(F)F,-0.3479,-0.02533,9200,Class_2,Class_2,test,IPCC2013. Charpter 8
83,IPCC086,PFC-218,FC(F)(F)C(F)(F)C(F)(F)F,-0.39766,0.01507,8900,Class_2,Class_2,train,IPCC2013. Charpter 8
84,IPCC087,PFC-318,C1(F)(F)C(F)(F)C(F)(F)C1(F)F,-0.35238,-0.04781,9540,Class_2,Class_2,test,IPCC2013. Charpter 8
85,IPCC088,PFC-31-10,FC(F)(F)C(F)(F)C(F)(F)C(F)(F)F,-0.38422,0.00419,9200,Class_2,Class_2,train,IPCC2013. Charpter 8
86,IPCC089,Perfluorocyclopentene,FC1=C(F)C(F)(F)C(F)(F)C1(F)F,-0.33795,-0.06132,2,Class_1,Class_1,test,IPCC2013. Charpter 8
87,IPCC090,PFC-41-12,FC(F)(F)C(F)(F)C(F)(F)C(F)(F)C(F)(F)F,-0.37444,-0.00969,8550,Class_2,Class_2,train,IPCC2013. Charpter 8
88,IPCC091,PFC-51-14,FC(F)(F)C(F)(F)C(F)(F)C(F)(F)C(F)(F)C(F)(F)F,-0.36771,-0.02004,7910,Class_2,Class_2,train,IPCC2013. Charpter 8
89,IPCC092,PFC-61-16,FC(F)(F)C(F)(F)C(F)(F)C(F)(F)C(F)(F)C(F)(F)C(F)(F)F,-0.3627,-0.02764,7820,Class_2,Class_2,train,IPCC2013. Charpter 8
90,IPCC093,PFC-71-18,FC(F)(F)C(F)(F)C(F)(F)C(F)(F)C(F)(F)C(F)(F)C(F)(F)C(F)(F)F,-0.35904,-0.03351,7620,Class_2,Class_2,test,IPCC2013. Charpter 8
91,IPCC095,Perfluorodecalin(cis),FC1(F)C(F)(F)C(F)(F)[C@]2(F)C(F)(F)C(F)(F)C(F)(F)C(F)(F)[C@]2(F)C1(F)F,-0.38302,-0.06448,7240,Class_2,Class_2,train,IPCC2013. Charpter 8
92,IPCC096,Perfluorodecalin(trains),FC1(F)C(F)(F)C(F)(F)[C@]2(F)C(F)(F)C(F)(F)C(F)(F)C(F)(F)[C@@]2(F)C1(F)F,-0.37658,-0.06207,6290,Class_2,Class_2,train,IPCC2013. Charpter 8
93,IPCC097,PFC-1114,C(=C(F)F)(F)F,-0.27902,0.00734,0.5,Class_1,Class_1,test,IPCC2013. Charpter 8
94,IPCC098,PFC-1216,C(F)(F)(F)C(=C(F)F)F,-0.30684,-0.02772,0.5,Class_1,Class_1,train,IPCC2013. Charpter 8
95,IPCC099,"Perfluorobuta-1,3-diene",C(=C(F)C(=C(F)F)F)(F)F,-0.25773,-0.04581,0.5,Class_1,Class_1,test,IPCC2013. Charpter 8
96,IPCC100,Perfluorobut-1-ene,C(F)(F)(F)C(F)(F)C(=C(F)F)F,-0.30618,-0.03407,0.5,Class_1,Class_1,test,IPCC2013. Charpter 8
97,IPCC101,Perfluorobut-2-ene,C(F)(F)(F)C(=C(F)C(F)(F)F)F,-0.32949,-0.06585,2,Class_1,Class_1,test,IPCC2013. Charpter 8
98,IPCC102,HFE-125,C(F)(F)OC(F)(F)F,-0.40256,0.01235,12400,Class_2,Class_2,test,IPCC2013. Charpter 8
99,IPCC103,HFE-134(HG-00),C(F)(F)OC(F)F,-0.38705,0.01142,5560,Class_2,Class_2,train,IPCC2013. Charpter 8
100,IPCC104,HFE-143a,COC(F)(F)F,-0.34673,0.01245,523,Class_1,Class_1,test,IPCC2013. Charpter 8
101,IPCC105,HFE-227ea,C(F)(F)(F)C(F)OC(F)(F)F,-0.39717,0.01001,6450,Class_2,Class_2,test,IPCC2013. Charpter 8
102,IPCC106,HCFE-235ca2(enflurane),C(F)(F)OC(F)(F)C(F)Cl,-0.34261,-0.0078,583,Class_1,Class_1,train,IPCC2013. Charpter 8
103,IPCC107,HCFE-235da2(isoflurane),FC(F)OC(Cl)C(F)(F)F,-0.34053,-0.01197,491,Class_1,Class_1,train,IPCC2013. Charpter 8
104,IPCC108,HFE-236ca,C(F)(F)OC(F)(F)C(F)F,-0.37429,0.00738,4240,Class_2,Class_2,test,IPCC2013. Charpter 8
105,IPCC109,HFE-236ea2,C(F)(F)OC(F)C(F)(F)F,-0.38387,0.01334,1790,Class_2,Class_2,train,IPCC2013. Charpter 8
106,IPCC110,HFE-236fa,C(F)(F)(F)COC(F)(F)F,-0.37169,0.00984,979,Class_1,Class_2,train,IPCC2013. Charpter 8
107,IPCC111,HFE-245cb2,C(F)(F)(F)C(F)(F)OC,-0.35082,0.00945,654,Class_1,Class_1,train,IPCC2013. Charpter 8
108,IPCC112,HFE-245fa1,FC(F)COC(F)(F)F,-0.36155,0.00298,828,Class_1,Class_1,train,IPCC2013. Charpter 8
109,IPCC113,HEF-245fa2,C(F)(F)OCC(F)(F)F,-0.35663,0.01462,812,Class_1,Class_1,train,IPCC2013. Charpter 8
110,IPCC114,"2,2,3,3,3-Pentafluoropropan-1-ol",C(F)(F)(F)C(F)(F)CO,-0.32402,-0.0096,19,Class_1,Class_1,train,IPCC2013. Charpter 8
111,IPCC115,HFE-254cb1,COC(F)(F)C(F)F,-0.34391,0.01025,301,Class_1,Class_1,test,IPCC2013. Charpter 8
112,IPCC116,HFE-263fb2,C(F)(F)(F)COC,-0.29758,0.00802,1,Class_1,Class_1,test,IPCC2013. Charpter 8
113,IPCC117,HFE-263m1,C(F)(F)(F)OCC,-0.33857,0.01137,29,Class_1,Class_1,train,IPCC2013. Charpter 8
114,IPCC118,"3,3,3-Trifluoropropan-1-ol",C(F)(F)(F)CCO,-0.30499,0.00099,0.5,Class_1,Class_1,train,IPCC2013. Charpter 8
115,IPCC119,HFE-329mcc2,C(F)(F)C(F)(F)OC(F)(F)C(F)(F)F,-0.38486,0.00715,3070,Class_2,Class_2,train,IPCC2013. Charpter 8
116,IPCC120,HFE-338mmz1,C(F)(F)(F)C(C(F)(F)F)OC(F)F,-0.36929,0.0129,2620,Class_2,Class_2,train,IPCC2013. Charpter 8
117,IPCC121,HFE-338mcf2,C(F)(F)(F)COC(F)(F)C(F)(F)F,-0.37477,0.0084,929,Class_1,Class_2,train,IPCC2013. Charpter 8
118,IPCC122,HFE-347mmz1,C(F)(F)(F)C(C(F)(F)F)OCF,-0.34892,0.00906,216,Class_1,Class_1,train,IPCC2013. Charpter 8
119,IPCC123,HEF-347mcc3,COC(F)(F)C(F)(F)C(F)(F)F,-0.35123,0.00892,530,Class_1,Class_1,train,IPCC2013. Charpter 8
120,IPCC124,HFE-347mcf2,FC(F)COC(F)(F)C(F)(F)F,-0.36495,0.00224,854,Class_1,Class_1,test,IPCC2013. Charpter 8
121,IPCC125,HFE-347pcf2,C(F)(F)C(F)(F)OCC(F)(F)F,-0.36772,0.00818,889,Class_1,Class_1,train,IPCC2013. Charpter 8
122,IPCC126,HFE-347mmy1,C(F)(F)(F)C(C(F)(F)F)(F)OC,-0.34306,0.00846,363,Class_1,Class_1,train,IPCC2013. Charpter 8
123,IPCC127,HFE-356mec3,COC(F)(F)C(F)C(F)(F)F,-0.34537,0.00883,387,Class_1,Class_1,train,IPCC2013. Charpter 8
124,IPCC128,HFE-356mff2,C(F)(F)(F)COCC(F)(F)F,-0.32326,-0.00153,17,Class_1,Class_1,train,IPCC2013. Charpter 8
125,IPCC129,HFE-356pcf2,C(F)(F)COC(F)(F)C(F)F,-0.35732,0.00406,719,Class_1,Class_1,train,IPCC2013. Charpter 8
126,IPCC130,HFE-356pcf3,C(F)(F)OCC(F)(F)C(F)F,-0.35559,0.00938,446,Class_1,Class_1,train,IPCC2013. Charpter 8
127,IPCC131,HFE-356pcc3,COC(F)(F)C(F)(F)C(F)F,-0.3495,0.00904,413,Class_1,Class_1,train,IPCC2013. Charpter 8
128,IPCC132,HFE-356mmz1,C(F)(F)(F)C(C(F)(F)F)OC,-0.31627,0.00619,14,Class_1,Class_1,test,IPCC2013. Charpter 8
129,IPCC133,HFE-365mcf3,C(F)(F)(F)C(F)(F)COC,-0.30041,0.007,0.5,Class_1,Class_1,train,IPCC2013. Charpter 8
130,IPCC134,HFE-365mcf2,C(F)(F)(F)C(F)(F)OCC,-0.34225,0.01007,58,Class_1,Class_1,train,IPCC2013. Charpter 8
131,IPCC135,HFE-374pc2,C(F)(F)C(F)(F)OCC,-0.33608,0.01056,627,Class_1,Class_1,train,IPCC2013. Charpter 8
132,IPCC136,"4,4,4-Trifluorobutan-1-ol",C(F)(F)(F)CCCO,-0.29834,0.00118,0.5,Class_1,Class_1,test,IPCC2013. Charpter 8
133,IPCC137,"2,2,3,3,4,4,5,5-Octafluorocyclopentanol",C1(F)(F)C(F)(F)C(F)(F)C(F)(F)C1O,-0.34392,-0.03291,13,Class_1,Class_1,train,IPCC2013. Charpter 8
134,IPCC138,HFE-43-10pccc124,C(F)(F)OC(F)(F)OC(F)(F)C(F)(F)OC(F)F,-0.39416,0.01128,2820,Class_2,Class_2,train,IPCC2013. Charpter 8
135,IPCC140,n-HFE-7100,COC(C(C(C(F)(F)F)(F)F)(F)F)(F)F,-0.351,0.00639,486,Class_1,Class_1,train,IPCC2013. Charpter 8
136,IPCC141,i-HFE-7100,COC(C(C(F)(F)F)(C(F)(F)F)F)(F)F,-0.35404,0.00508,407,Class_1,Class_1,train,IPCC2013. Charpter 8
137,IPCC143,n-HFE-7200,CCOC(C(C(C(F)(F)F)(F)F)(F)F)(F)F,-0.34259,0.00933,65,Class_1,Class_1,train,IPCC2013. Charpter 8
138,IPCC144,i-HFE-7200,CCOC(C(C(F)(F)F)(C(F)(F)F)F)(F)F,-0.34535,0.00631,44,Class_1,Class_1,train,IPCC2013. Charpter 8
139,IPCC145,HFE-236ca12,C(F)(F)OC(F)(F)OC(F)F,-0.38772,0.01067,5350,Class_2,Class_2,test,IPCC2013. Charpter 8
140,IPCC146,HFE-228pcc13,C(F)(F)OC(F)(F)C(F)(F)OC(F)F,-0.38794,0.01247,2910,Class_2,Class_2,train,IPCC2013. Charpter 8
141,IPCC147,"1,1,1,3,3,3-Hexafluoropropan-2-ol",C(F)(F)(F)C(C(F)(F)F)O,-0.34805,0.00221,182,Class_1,Class_1,train,IPCC2013. Charpter 8
142,IPCC148,HG-02,C(F)(F)OC(F)(F)C(F)(F)OC(F)(F)C(F)(F)OC(F)F,-0.38875,0.01017,2730,Class_2,Class_2,train,IPCC2013. Charpter 8
143,IPCC149,HG-03,C(F)(F)OC(F)(F)C(F)(F)OC(F)(F)C(F)(F)OC(F)(F)C(F)(F)OC(F)F,-0.38985,0.01019,2850,Class_2,Class_2,test,IPCC2013. Charpter 8
144,IPCC150,HG-20,C(F)(F)OC(F)(F)OC(F)(F)OC(F)F,-0.38987,0.01023,5300,Class_2,Class_2,test,IPCC2013. Charpter 8
145,IPCC151,HG-21,FC(F)OC(F)(F)C(F)(F)OC(F)(F)OC(F)(F)OC(F)F,-0.39542,0.01065,3890,Class_2,Class_2,test,IPCC2013. Charpter 8
146,IPCC152,HG-30,FC(F)OC(F)(F)OC(F)(F)OC(F)(F)OC(F)F,-0.39187,0.00982,7330,Class_2,Class_2,test,IPCC2013. Charpter 8
147,IPCC153,"1-Ethoxy-1,1,2,2,3,3,3-heptafluoropropane",C(F)(F)(F)C(F)(F)C(F)(F)OCC,-0.34272,0.00974,61,Class_1,Class_1,test,IPCC2013. Charpter 8
148,IPCC154,Fluoroxene,C(F)(F)(F)COC=C,-0.25732,-0.00129,0.5,Class_1,Class_1,train,IPCC2013. Charpter 8
149,IPCC155,"1,1,2,2-Tetrafluoro-1-(fluoromethoxy)ethane",C(F)OC(F)(F)C(F)F,-0.37532,0.01024,871,Class_1,Class_1,train,IPCC2013. Charpter 8
150,IPCC156,"2-Ethoxy-3,3,4,4,5-pentafluorotetrahydro-2,5-bis[1,2,2,2tetrafluoro-1-(trifluoromethyl)ethyl]-furan",CCOC1(OC(F)(C(F)(C(F)(F)F)C(F)(F)F)C(F)(F)C1(F)F)C(F)(C(F)(F)F)C(F)(F)F,-0.32782,-0.02468,56,Class_1,Class_1,train,IPCC2013. Charpter 8
151,IPCC157,Fluoro(methoxy)methane,COCF,-0.30839,0.01699,13,Class_1,Class_1,train,IPCC2013. Charpter 8
152,IPCC158,Difluoro(methoxy)methane,COC(F)F,-0.33053,0.01699,144,Class_1,Class_1,test,IPCC2013. Charpter 8
153,IPCC159,Fluoro(fluoromethoxy)methane,C(F)OCF,-0.34624,0.01692,130,Class_1,Class_1,test,IPCC2013. Charpter 8
154,IPCC160,Difluoro(fluoromethoxy)methane,FCOC(F)F,-0.36617,0.0163,617,Class_1,Class_1,test,IPCC2013. Charpter 8
155,IPCC161,Trifluoro(fluoromethoxy)methane,FCOC(F)(F)F,-0.38072,0.01353,751,Class_1,Class_2,train,IPCC2013. Charpter 8
156,IPCC162,HG'-01,COC(F)(F)C(F)(F)OC,-0.33493,0.01661,222,Class_1,Class_1,train,IPCC2013. Charpter 8
157,IPCC163,HG'-02,COC(F)(F)C(F)(F)OC(F)(F)C(F)(F)OC,-0.34448,0.012,236,Class_1,Class_1,train,IPCC2013. Charpter 8
158,IPCC164,HG'-03,COC(F)(F)C(F)(F)OC(F)(F)C(F)(F)OC(F)(F)C(F)(F)C,-0.3483,0.01094,221,Class_1,Class_1,train,IPCC2013. Charpter 8
159,IPCC165,HFE-329me3,C(F)(F)(F)C(F)C(F)(F)OC(F)(F)F,-0.40127,0.00276,4550,Class_2,Class_2,test,IPCC2013. Charpter 8
160,IPCC166,"3,3,4,4,5,5,6,6,7,7,7-Undecafluoroheptan-1-ol",C(F)(F)(F)C(F)(F)C(F)(F)C(F)(F)C(F)(F)CCO,-0.30623,-0.00181,0.5,Class_1,Class_1,train,IPCC2013. Charpter 8
161,IPCC167,"3,3,4,4,5,5,6,6,7,7,8,8,9,9,9-Pentadecafluorononan-1-ol",C(F)(F)(F)C(F)(F)C(F)(F)C(F)(F)C(F)(F)C(F)(F)C(F)(F)CCO,-0.30618,-0.01867,0.5,Class_1,Class_1,train,IPCC2013. Charpter 8
162,IPCC168,"3,3,4,4,5,5,6,6,7,7,8,8,9,9,10,10,11,11,11-Nonadecafluoroundecan-1-ol",OCCC(F)(F)C(F)(F)C(F)(F)C(F)(F)C(F)(F)C(F)(F)C(F)(F)C(F)(F)C(F)(F)F,-0.30612,-0.03044,0.5,Class_1,Class_1,test,IPCC2013. Charpter 8
163,IPCC169,"2-Chloro-1,1,2-trifluoro-1-methoxyethane",COC(F)(F)C(F)Cl,-0.33146,0.00034,122,Class_1,Class_1,train,IPCC2013. Charpter 8
164,IPCC170,PFPMIE,C(F)(F)(F)OC(F)(C(F)(F)F)C(F)(F)OC(F)(F)OC,-0.35067,0.00895,9710,Class_2,Class_1,test,IPCC2013. Charpter 8
165,IPCC171,HFE-216,C(F)(F)(F)OC(=C(F)F)F,-0.27539,0.00406,0.5,Class_1,Class_1,train,IPCC2013. Charpter 8
166,IPCC172,Trifluoromethyl formate,C(=O)OC(F)(F)F,-0.34204,-0.04995,588,Class_1,Class_1,train,IPCC2013. Charpter 8
167,IPCC173,Perfluoroethyl formate,C(=O)OC(F)(F)C(F)(F)F,-0.34159,-0.05245,580,Class_1,Class_1,test,IPCC2013. Charpter 8
168,IPCC174,Perfluoropropyl formate,C(=O)OC(F)(F)C(F)(F)C(F)(F)F,-0.34124,-0.05247,376,Class_1,Class_1,test,IPCC2013. Charpter 8
169,IPCC175,Perfluorobutyl formate,C(=O)OC(F)(F)C(F)(F)C(F)(F)C(F)(F)F,-0.34062,-0.05217,392,Class_1,Class_1,train,IPCC2013. Charpter 8
170,IPCC176,"2,2,2-Trifluoroethyl formate",C(=O)OCC(F)(F)F,-0.32124,-0.03523,33,Class_1,Class_1,train,IPCC2013. Charpter 8
171,IPCC177,"3,3,3-Trifluoropropyl formate",C(=O)OCCC(F)(F)F,-0.31152,-0.02595,17,Class_1,Class_1,train,IPCC2013. Charpter 8
172,IPCC178,"1,2,2,2-Tetrafluoroethyl formate",C(=O)OC(F)C(F)(F)F,-0.33695,-0.04571,470,Class_1,Class_1,train,IPCC2013. Charpter 8
173,IPCC179,"1,1,1,3,3,3-Hexafluoropropan-2-yl formate",C(=O)OC(C(F)(F)F)C(F)(F)F,-0.33651,-0.04263,333,Class_1,Class_1,test,IPCC2013. Charpter 8
174,IPCC180,Perfluorobutyl acetate,CC(=O)OC(F)(F)C(F)(F)C(F)(F)C(F)(F)F,-0.32471,-0.03519,2,Class_1,Class_1,train,IPCC2013. Charpter 8
175,IPCC181,Perfluoropropyl acetate,CC(=O)OC(F)(F)C(F)(F)C(F)(F)F,-0.32477,-0.03483,2,Class_1,Class_1,test,IPCC2013. Charpter 8
176,IPCC182,Perfluoroethyl acetate,CC(=O)OC(F)(F)C(F)(F)F,-0.32463,-0.03438,2,Class_1,Class_1,train,IPCC2013. Charpter 8
177,IPCC183,Trifluoromethyl acetate,CC(=O)OC(F)(F)F,-0.32497,-0.03085,2,Class_1,Class_1,train,IPCC2013. Charpter 8
178,IPCC184,Methyl carbonofluoridate,FC(=O)OC,-0.34015,0.00723,95,Class_1,Class_1,test,IPCC2013. Charpter 8
179,IPCC185,"1,1-Difluoroethyl carbonofluoridate",FC(=O)OC(F)(F)C,-0.35025,-0.0097,27,Class_1,Class_1,train,IPCC2013. Charpter 8
180,IPCC186,"1,1-Difluoroethyl 2,2,2-trifluoroacetate",C(F)(F)(F)C(=O)OC(F)(F)C,-0.33593,-0.0564,31,Class_1,Class_1,train,IPCC2013. Charpter 8
181,IPCC187,"Ethyl 2,2,2-trifluoroacetate",C(F)(F)(F)C(=O)OCC,-0.32472,-0.03701,1,Class_1,Class_1,train,IPCC2013. Charpter 8
182,IPCC188,"2,2,2-Trifluoroethyl 2,2,2-trifluoroacetate",C(F)(F)(F)C(=O)OCC(F)(F)F,-0.34727,-0.05777,7,Class_1,Class_1,test,IPCC2013. Charpter 8
183,IPCC189,"Methyl 2,2,2-trifluoroacetate",C(F)(F)(F)C(=O)OC,-0.32935,-0.04042,52,Class_1,Class_1,train,IPCC2013. Charpter 8
184,IPCC190,"Methyl 2,2-difluoroacetate",C(F)(F)C(=O)OCC,-0.31071,-0.02947,3,Class_1,Class_1,train,IPCC2013. Charpter 8
185,IPCC191,"Difluoromethyl 2,2,2-trifluoroacetate",C(F)(F)(F)C(=O)OC(F)F,-0.34348,-0.06417,27,Class_1,Class_1,train,IPCC2013. Charpter 8
186,IPCC192,"2,2,3,3,4,4,4-Heptafluorobutan-1-ol",C(F)(F)(F)C(F)(F)C(F)(F)CO,-0.32402,-0.0113,34,Class_1,Class_1,train,IPCC2013. Charpter 8
187,IPCC193,"1,1,2-Trifluoro-2-(trifluoromethoxy)-ethane",C(F)(F)C(F)OC(F)(F)F,-0.37401,0.01882,1240,Class_2,Class_2,train,IPCC2013. Charpter 8
188,IPCC194,"1-Ethoxy-1,1,2,3,3,3-hexafluoropropane",C(F)(F)(F)C(F)C(F)(F)OCC,-0.33753,0.00882,23,Class_1,Class_1,train,IPCC2013. Charpter 8
189,IPCC195,"1,1,1,2,2,3,3-Heptafluoro-3-(1,2,2,2tetrafluoroethoxy)-propane",C(F)(F)(F)C(F)(F)C(F)(F)OC(F)C(F)(F)F,-0.39353,0.00793,6490,Class_2,Class_2,train,IPCC2013. Charpter 8
190,IPCC196,"2,2,3,3-Tetrafluoro-1-propanol",C(F)(F)C(F)(F)CO,-0.31646,0.00165,13,Class_1,Class_1,train,IPCC2013. Charpter 8
191,IPCC197,"2,2,3,4,4,4-Hexafluoro-1-butanol",C(F)(F)(F)C(F)C(F)(F)CO,-0.32563,-0.01378,17,Class_1,Class_1,test,IPCC2013. Charpter 8
192,IPCC199,"1,1,2,2-Tetrafluoro-3-methoxy-propane",C(F)(F)C(F)(F)COC,-0.30146,0.00721,0.5,Class_1,Class_1,train,IPCC2013. Charpter 8
193,IPCC200,perfluoro-2-methyl-3-pentanone,C(F)(F)(F)C(F)(F)C(=O)C(F)(C(F)(F)F)C(F)(F)F,-0.34083,-0.11739,0.5,Class_1,Class_1,train,IPCC2013. Charpter 8
194,IPCC201,"3,3,3-Trifluoro-propanal",C(F)(F)(F)CC=O,-0.2968,-0.05882,0.5,Class_1,Class_1,test,IPCC2013. Charpter 8
195,IPCC202,2-Fluoroethanol,C(F)CO,-0.29875,0.00505,0.5,Class_1,Class_1,test,IPCC2013. Charpter 8
196,IPCC203,"2,2-Difluoroethanol",C(F)(F)CO,-0.30914,-0.00311,3,Class_1,Class_1,train,IPCC2013. Charpter 8
197,IPCC204,"2,2,2-Trifluoroethanol",C(F)(F)(F)CO,-0.32137,-0.007,20,Class_1,Class_1,train,IPCC2013. Charpter 8
198,IPCC207,"1,1,3,3,4,4,6,6,7,7,9,9,10,10,12,12,13,13,15,15-eicosafluoro-2,5,8,11,14-Pentaoxapentadecane",C(F)(F)OC(F)(F)C(F)(F)OC(F)(F)C(F)(F)OC(F)(F)C(F)(F)OC(F)(F)C(F)(F)OC(F)F,-0.39075,0.00958,3630,Class_2,Class_2,train,IPCC2013. Charpter 8
199,KAZAKOV083,"2-bromo-3,3,3-trifluoroprop-1-ene",C=C(Br)C(F)(F)F,-0.29397,-0.04973,0.58,Class_1,Class_1,train,IPCC2013. Charpter 8
200,KAZAKOV085,trifluoroiodomethane,IC(F)(F)F,-0.30226,-0.07187,0.84,Class_1,Class_1,test,Kazkov 2012
201,KAZAKOV088,"1,1,2-trichloro-3,3,3-tri?uoroprop-1-ene",C(F)(F)(F)C(=C(Cl)Cl)Cl,-0.29,-0.06471,2,Class_1,Class_1,train,Kazkov 2012
202,NOVEC4710,"2,3,3,3-tetrafluoro-2-(trifluoromethyl)propanenitrile",FC(F)(F)C(F)(C#N)C(F)(F)F,-0.39458,-0.06019,2100,Class_2,Class_2,train,3M NOVEC 4710
